<Name> Nikos Zisis </Name>
<AFM> 130456094 </AFM>
<Status> Single </Status>
<Income> 40000 </Income>

<Receipts>

<ReceiptID> 1 </ReceiptID>
<Date> 25/2/2014 </Date>
<Kind> Other </Kind>
<Amount> 2000 </Amount>
<Company> Omega Watches </Company>
<Country> Greece </Country>
<City> Ioannina </City>
<Street> Kaloudi </Street>
<Number> 4 </Number>

<ReceiptID> 2 </ReceiptID>
<Date> 10/5/2014 </Date>
<Kind> Entertainment </Kind>
<Amount> 2000 </Amount>
<Company> Hotel Du Lac </Company>
<Country> Greece </Country>
<City> Ioannina </City>
<Street> Lake </Street>
<Number> 89 </Number>

<ReceiptID> 3 </ReceiptID>
<Date> 5/6/2014 </Date>
<Kind> Basic </Kind>
<Amount> 4000 </Amount>
<Company> IKEA </Company>
<Country> Greece </Country>
<City> Ioannina </City>
<Street> Averof </Street>
<Number> 100 </Number>

</Receipts>
